ExpressId,GlobalId,Family,Type,Level,Material:Name,Material:Description,Material:Volume
42564,1EWvDSs_13VfoJiSGwLNwm,RCC RECTANGULAR COLUMN,RCC COLUMN (230mm x 900mm),Ground Floor,RCC - M30,Concrete f'c=30 MPa,0.9625500000000003
42649,1EWvDSs_13VfoJiSGwLMAZ,RCC RECTANGULAR COLUMN,RCC COLUMN (230mm x 900mm),Ground Floor,RCC - M30,Concrete f'c=30 MPa,0.9625500000000003
42710,1EWvDSs_13VfoJiSGwLMA9,RCC RECTANGULAR COLUMN,RCC COLUMN (230mm x 900mm),Ground Floor,RCC - M30,Concrete f'c=30 MPa,0.9625500000000003
42771,1EWvDSs_13VfoJiSGwLM8J,RCC RECTANGULAR COLUMN,RCC COLUMN (230mm x 900mm),Ground Floor,RCC - M30,Concrete f'c=30 MPa,0.9625500000000006
42832,1naJBYN8vFgexRUQE942QH,RCC RECTANGULAR COLUMN,RCC COLUMN (230mm x 900mm),Ground Floor,RCC - M30,Concrete f'c=30 MPa,0.9625500000000003
42893,1naJBYN8vFgexRUQE942QB,RCC RECTANGULAR COLUMN,RCC COLUMN (230mm x 900mm),Ground Floor,RCC - M30,Concrete f'c=30 MPa,0.9625499999999987
42954,1naJBYN8vFgexRUQE942Q7,RCC RECTANGULAR COLUMN,RCC COLUMN (230mm x 900mm),Ground Floor,RCC - M30,Concrete f'c=30 MPa,0.9625499999999987
43015,1naJBYN8vFgexRUQE942Rr,RCC RECTANGULAR COLUMN,RCC COLUMN (230mm x 900mm),Ground Floor,RCC - M30,Concrete f'c=30 MPa,0.9625499999999989
43076,1naJBYN8vFgexRUQE942Rl,RCC RECTANGULAR COLUMN,RCC COLUMN (230mm x 900mm),Ground Floor,RCC - M30,Concrete f'c=30 MPa,0.9625499999999991
43137,1naJBYN8vFgexRUQE942RP,RCC RECTANGULAR COLUMN,RCC COLUMN (230mm x 900mm),Ground Floor,RCC - M30,Concrete f'c=30 MPa,0.9625499999999991
43198,1naJBYN8vFgexRUQE942RL,RCC RECTANGULAR COLUMN,RCC COLUMN (230mm x 900mm),Ground Floor,RCC - M30,Concrete f'c=30 MPa,0.9625499999999991
43259,1naJBYN8vFgexRUQE942R1,RCC RECTANGULAR COLUMN,RCC COLUMN (230mm x 900mm),Ground Floor,RCC - M30,Concrete f'c=30 MPa,0.9625499999999991
43320,1naJBYN8vFgexRUQE942OX,RCC RECTANGULAR COLUMN,RCC COLUMN (230mm x 900mm),Ground Floor,RCC - M30,Concrete f'c=30 MPa,0.9625499999999991
43381,1naJBYN8vFgexRUQE942OV,RCC RECTANGULAR COLUMN,RCC COLUMN (230mm x 900mm),Ground Floor,RCC - M30,Concrete f'c=30 MPa,0.9625499999999987
43442,1naJBYN8vFgexRUQE942OF,RCC RECTANGULAR COLUMN,RCC COLUMN (230mm x 900mm),Ground Floor,RCC - M30,Concrete f'c=30 MPa,0.9625499999999987
43503,1naJBYN8vFgexRUQE942Pz,RCC RECTANGULAR COLUMN,RCC COLUMN (230mm x 900mm),Ground Floor,RCC - M30,Concrete f'c=30 MPa,0.9625499999999987
43564,1naJBYN8vFgexRUQE942Pf,RCC RECTANGULAR COLUMN,RCC COLUMN (230mm x 900mm),Ground Floor,RCC - M30,Concrete f'c=30 MPa,0.9625500000000003
43625,1naJBYN8vFgexRUQE942PZ,RCC RECTANGULAR COLUMN,RCC COLUMN (230mm x 900mm),Ground Floor,RCC - M30,Concrete f'c=30 MPa,0.9625499999999987
43686,1naJBYN8vFgexRUQE942PH,RCC RECTANGULAR COLUMN,RCC COLUMN (230mm x 900mm),Ground Floor,RCC - M30,Concrete f'c=30 MPa,0.9625499999999987
43747,1naJBYN8vFgexRUQE942PD,RCC RECTANGULAR COLUMN,RCC COLUMN (230mm x 900mm),Ground Floor,RCC - M30,Concrete f'c=30 MPa,0.9625499999999991
43808,1naJBYN8vFgexRUQE942Uv,RCC RECTANGULAR COLUMN,RCC COLUMN (230mm x 900mm),Ground Floor,RCC - M30,Concrete f'c=30 MPa,0.9625499999999991
43869,1naJBYN8vFgexRUQE942Ur,RCC RECTANGULAR COLUMN,RCC COLUMN (230mm x 900mm),Ground Floor,RCC - M30,Concrete f'c=30 MPa,0.9625499999999991
43930,1naJBYN8vFgexRUQE942UX,RCC RECTANGULAR COLUMN,RCC COLUMN (230mm x 900mm),Ground Floor,RCC - M30,Concrete f'c=30 MPa,0.9625499999999994
43991,1naJBYN8vFgexRUQE942UR,RCC RECTANGULAR COLUMN,RCC COLUMN (230mm x 900mm),Ground Floor,RCC - M30,Concrete f'c=30 MPa,0.9625499999999987
44052,1naJBYN8vFgexRUQE942UL,RCC RECTANGULAR COLUMN,RCC COLUMN (230mm x 900mm),Ground Floor,RCC - M30,Concrete f'c=30 MPa,0.9625499999999987
44113,1naJBYN8vFgexRUQE942U1,RCC RECTANGULAR COLUMN,RCC COLUMN (230mm x 900mm),Ground Floor,RCC - M30,Concrete f'c=30 MPa,0.9625500000000003
44174,1naJBYN8vFgexRUQE942Vp,RCC RECTANGULAR COLUMN,RCC COLUMN (230mm x 900mm),Ground Floor,RCC - M30,Concrete f'c=30 MPa,0.9625500000000006
44235,1naJBYN8vFgexRUQE942VO,RCC RECTANGULAR COLUMN,RCC COLUMN (230mm x 900mm),Ground Floor,RCC - M30,Concrete f'c=30 MPa,0.9625499999999987
44296,1naJBYN8vFgexRUQE942VP,RCC RECTANGULAR COLUMN,RCC COLUMN (230mm x 900mm),Ground Floor,RCC - M30,Concrete f'c=30 MPa,0.9625499999999987
44357,1naJBYN8vFgexRUQE942VQ,RCC RECTANGULAR COLUMN,RCC COLUMN (230mm x 900mm),Ground Floor,RCC - M30,Concrete f'c=30 MPa,0.9625500000000006
44418,1naJBYN8vFgexRUQE942VK,RCC RECTANGULAR COLUMN,RCC COLUMN (230mm x 900mm),Ground Floor,RCC - M30,Concrete f'c=30 MPa,0.9625499999999989
44479,1naJBYN8vFgexRUQE942VL,RCC RECTANGULAR COLUMN,RCC COLUMN (230mm x 900mm),Ground Floor,RCC - M30,Concrete f'c=30 MPa,0.9625499999999987
44540,1naJBYN8vFgexRUQE942VM,RCC RECTANGULAR COLUMN,RCC COLUMN (230mm x 900mm),Ground Floor,RCC - M30,Concrete f'c=30 MPa,0.9625500000000006
44601,1naJBYN8vFgexRUQE942V2,RCC RECTANGULAR COLUMN,RCC COLUMN (230mm x 900mm),Ground Floor,RCC - M30,Concrete f'c=30 MPa,0.9625499999999989
44662,1naJBYN8vFgexRUQE942V3,RCC RECTANGULAR COLUMN,RCC COLUMN (230mm x 900mm),Ground Floor,RCC - M30,Concrete f'c=30 MPa,0.9625499999999987
44723,1naJBYN8vFgexRUQE942V4,RCC RECTANGULAR COLUMN,RCC COLUMN (230mm x 900mm),Ground Floor,RCC - M30,Concrete f'c=30 MPa,0.9625500000000006
44784,1naJBYN8vFgexRUQE942Sr,RCC RECTANGULAR COLUMN,RCC COLUMN (230mm x 900mm),Ground Floor,RCC - M30,Concrete f'c=30 MPa,0.9625500000000003
44845,1naJBYN8vFgexRUQE942SX,RCC RECTANGULAR COLUMN,RCC COLUMN (230mm x 900mm),Ground Floor,RCC - M30,Concrete f'c=30 MPa,0.9625499999999987
44906,1naJBYN8vFgexRUQE942SV,RCC RECTANGULAR COLUMN,RCC COLUMN (230mm x 900mm),Ground Floor,RCC - M30,Concrete f'c=30 MPa,0.9625499999999987
44967,1naJBYN8vFgexRUQE942S4,RCC RECTANGULAR COLUMN,RCC COLUMN (230mm x 900mm),Ground Floor,RCC - M30,Concrete f'c=30 MPa,0.9625500000000003
45028,1naJBYN8vFgexRUQE942Tz,RCC RECTANGULAR COLUMN,RCC COLUMN (230mm x 900mm),Ground Floor,RCC - M30,Concrete f'c=30 MPa,0.9625499999999987
45089,1naJBYN8vFgexRUQE942Ts,RCC RECTANGULAR COLUMN,RCC COLUMN (230mm x 900mm),Ground Floor,RCC - M30,Concrete f'c=30 MPa,0.9625499999999971
45150,1naJBYN8vFgexRUQE942Tf,RCC RECTANGULAR COLUMN,RCC COLUMN (230mm x 900mm),Ground Floor,RCC - M30,Concrete f'c=30 MPa,0.9625499999999966
45211,1naJBYN8vFgexRUQE942Ti,RCC RECTANGULAR COLUMN,RCC COLUMN (230mm x 900mm),Ground Floor,RCC - M30,Concrete f'c=30 MPa,0.9625499999999979
45272,1naJBYN8vFgexRUQE942Tl,RCC RECTANGULAR COLUMN,RCC COLUMN (230mm x 900mm),Ground Floor,RCC - M30,Concrete f'c=30 MPa,0.9625499999999979
45333,1naJBYN8vFgexRUQE942TY,RCC RECTANGULAR COLUMN,RCC COLUMN (230mm x 900mm),Ground Floor,RCC - M30,Concrete f'c=30 MPa,0.9625499999999966
45394,1naJBYN8vFgexRUQE942Tb,RCC RECTANGULAR COLUMN,RCC COLUMN (230mm x 900mm),Ground Floor,RCC - M30,Concrete f'c=30 MPa,0.9625499999999969
45455,1naJBYN8vFgexRUQE942TO,RCC RECTANGULAR COLUMN,RCC COLUMN (230mm x 900mm),Ground Floor,RCC - M30,Concrete f'c=30 MPa,0.9625499999999966
45516,1naJBYN8vFgexRUQE942TR,RCC RECTANGULAR COLUMN,RCC COLUMN (230mm x 900mm),Ground Floor,RCC - M30,Concrete f'c=30 MPa,0.9625499999999979
45577,1naJBYN8vFgexRUQE942TU,RCC RECTANGULAR COLUMN,RCC COLUMN (230mm x 900mm),Ground Floor,RCC - M30,Concrete f'c=30 MPa,0.9625499999999979
45638,1naJBYN8vFgexRUQE942TH,RCC RECTANGULAR COLUMN,RCC COLUMN (230mm x 900mm),Ground Floor,RCC - M30,Concrete f'c=30 MPa,0.9625500000000009
45699,1naJBYN8vFgexRUQE942TK,RCC RECTANGULAR COLUMN,RCC COLUMN (230mm x 900mm),Ground Floor,RCC - M30,Concrete f'c=30 MPa,0.9625500000000009
45760,1naJBYN8vFgexRUQE942TN,RCC RECTANGULAR COLUMN,RCC COLUMN (230mm x 900mm),Ground Floor,RCC - M30,Concrete f'c=30 MPa,0.9625500000000001
45821,1naJBYN8vFgexRUQE942TA,RCC RECTANGULAR COLUMN,RCC COLUMN (230mm x 900mm),Ground Floor,RCC - M30,Concrete f'c=30 MPa,0.9625500000000016
45882,1naJBYN8vFgexRUQE942TD,RCC RECTANGULAR COLUMN,RCC COLUMN (230mm x 900mm),Ground Floor,RCC - M30,Concrete f'c=30 MPa,0.9625500000000003
45943,1naJBYN8vFgexRUQE942T0,RCC RECTANGULAR COLUMN,RCC COLUMN (230mm x 900mm),Ground Floor,RCC - M30,Concrete f'c=30 MPa,0.9625500000000006
46004,1naJBYN8vFgexRUQE942T3,RCC RECTANGULAR COLUMN,RCC COLUMN (230mm x 900mm),Ground Floor,RCC - M30,Concrete f'c=30 MPa,0.9625500000000006
46065,1naJBYN8vFgexRUQE942T6,RCC RECTANGULAR COLUMN,RCC COLUMN (230mm x 900mm),Ground Floor,RCC - M30,Concrete f'c=30 MPa,0.9625500000000006
46126,1naJBYN8vFgexRUQE9422v,RCC RECTANGULAR COLUMN,RCC COLUMN (230mm x 900mm),Ground Floor,RCC - M30,Concrete f'c=30 MPa,0.9625499999999994
46187,1naJBYN8vFgexRUQE9422y,RCC RECTANGULAR COLUMN,RCC COLUMN (230mm x 900mm),Ground Floor,RCC - M30,Concrete f'c=30 MPa,0.9625500000000011
46248,1naJBYN8vFgexRUQE9422$,RCC RECTANGULAR COLUMN,RCC COLUMN (230mm x 900mm),Ground Floor,RCC - M30,Concrete f'c=30 MPa,0.9625500000000009
46309,1naJBYN8vFgexRUQE9422o,RCC RECTANGULAR COLUMN,RCC COLUMN (230mm x 900mm),Ground Floor,RCC - M30,Concrete f'c=30 MPa,0.9625499999999996
46370,1naJBYN8vFgexRUQE9422r,RCC RECTANGULAR COLUMN,RCC COLUMN (230mm x 900mm),Ground Floor,RCC - M30,Concrete f'c=30 MPa,0.9625499999999996
46431,1naJBYN8vFgexRUQE9422e,RCC RECTANGULAR COLUMN,RCC COLUMN (230mm x 900mm),Ground Floor,RCC - M30,Concrete f'c=30 MPa,0.9625500000000013
46492,1naJBYN8vFgexRUQE9422h,RCC RECTANGULAR COLUMN,RCC COLUMN (230mm x 900mm),Ground Floor,RCC - M30,Concrete f'c=30 MPa,0.9625500000000003
46553,1naJBYN8vFgexRUQE9422k,RCC RECTANGULAR COLUMN,RCC COLUMN (230mm x 900mm),Ground Floor,RCC - M30,Concrete f'c=30 MPa,0.9625499999999994
46614,1naJBYN8vFgexRUQE9422X,RCC RECTANGULAR COLUMN,RCC COLUMN (230mm x 900mm),Ground Floor,RCC - M30,Concrete f'c=30 MPa,0.9625499999999999
46675,1naJBYN8vFgexRUQE9422a,RCC RECTANGULAR COLUMN,RCC COLUMN (230mm x 900mm),Ground Floor,RCC - M30,Concrete f'c=30 MPa,0.9625499999999967
46736,1naJBYN8vFgexRUQE9422d,RCC RECTANGULAR COLUMN,RCC COLUMN (230mm x 900mm),Ground Floor,RCC - M30,Concrete f'c=30 MPa,0.9625499999999989
46797,1naJBYN8vFgexRUQE9422Q,RCC RECTANGULAR COLUMN,RCC COLUMN (230mm x 900mm),Ground Floor,RCC - M30,Concrete f'c=30 MPa,0.9625499999999991
46858,1naJBYN8vFgexRUQE9422T,RCC RECTANGULAR COLUMN,RCC COLUMN (230mm x 900mm),Ground Floor,RCC - M30,Concrete f'c=30 MPa,0.9625500000000006
46919,1naJBYN8vFgexRUQE9422G,RCC RECTANGULAR COLUMN,RCC COLUMN (230mm x 900mm),Ground Floor,RCC - M30,Concrete f'c=30 MPa,0.9625500000000006
46980,1naJBYN8vFgexRUQE9422J,RCC RECTANGULAR COLUMN,RCC COLUMN (230mm x 900mm),Ground Floor,RCC - M30,Concrete f'c=30 MPa,0.9625500000000009
47041,1naJBYN8vFgexRUQE9422M,RCC RECTANGULAR COLUMN,RCC COLUMN (230mm x 900mm),Ground Floor,RCC - M30,Concrete f'c=30 MPa,0.9625500000000016
47102,1naJBYN8vFgexRUQE94229,RCC RECTANGULAR COLUMN,RCC COLUMN (230mm x 900mm),Ground Floor,RCC - M30,Concrete f'c=30 MPa,0.9625500000000006
47163,1naJBYN8vFgexRUQE9422C,RCC RECTANGULAR COLUMN,RCC COLUMN (230mm x 900mm),Ground Floor,RCC - M30,Concrete f'c=30 MPa,0.9625499999999976
47224,1naJBYN8vFgexRUQE9422F,RCC RECTANGULAR COLUMN,RCC COLUMN (230mm x 900mm),Ground Floor,RCC - M30,Concrete f'c=30 MPa,0.9625499999999989
47285,1naJBYN8vFgexRUQE94222,RCC RECTANGULAR COLUMN,RCC COLUMN (230mm x 900mm),Ground Floor,RCC - M30,Concrete f'c=30 MPa,0.9625499999999989
47346,1naJBYN8vFgexRUQE94225,RCC RECTANGULAR COLUMN,RCC COLUMN (230mm x 900mm),Ground Floor,RCC - M30,Concrete f'c=30 MPa,0.9625499999999987
47407,1naJBYN8vFgexRUQE9423u,RCC RECTANGULAR COLUMN,RCC COLUMN (230mm x 900mm),Ground Floor,RCC - M30,Concrete f'c=30 MPa,0.9625500000000003
47468,1naJBYN8vFgexRUQE9423x,RCC RECTANGULAR COLUMN,RCC COLUMN (230mm x 900mm),Ground Floor,RCC - M30,Concrete f'c=30 MPa,0.9625500000000003
47529,1naJBYN8vFgexRUQE9423_,RCC RECTANGULAR COLUMN,RCC COLUMN (230mm x 900mm),Ground Floor,RCC - M30,Concrete f'c=30 MPa,0.9625500000000003
47590,1naJBYN8vFgexRUQE9423n,RCC RECTANGULAR COLUMN,RCC COLUMN (230mm x 900mm),Ground Floor,RCC - M30,Concrete f'c=30 MPa,0.9625499999999987
47651,1naJBYN8vFgexRUQE9423q,RCC RECTANGULAR COLUMN,RCC COLUMN (230mm x 900mm),Ground Floor,RCC - M30,Concrete f'c=30 MPa,0.9625499999999987
47712,1naJBYN8vFgexRUQE9423t,RCC RECTANGULAR COLUMN,RCC COLUMN (230mm x 900mm),Ground Floor,RCC - M30,Concrete f'c=30 MPa,0.9625499999999991
47773,1naJBYN8vFgexRUQE9423g,RCC RECTANGULAR COLUMN,RCC COLUMN (230mm x 900mm),Ground Floor,RCC - M30,Concrete f'c=30 MPa,0.9625499999999991
47834,1naJBYN8vFgexRUQE9423j,RCC RECTANGULAR COLUMN,RCC COLUMN (230mm x 900mm),Ground Floor,RCC - M30,Concrete f'c=30 MPa,0.9625499999999981
47895,1naJBYN8vFgexRUQE9423W,RCC RECTANGULAR COLUMN,RCC COLUMN (230mm x 900mm),Ground Floor,RCC - M30,Concrete f'c=30 MPa,0.9625499999999951
47956,1naJBYN8vFgexRUQE9423Z,RCC RECTANGULAR COLUMN,RCC COLUMN (230mm x 900mm),Ground Floor,RCC - M30,Concrete f'c=30 MPa,0.9625499999999949
48017,1naJBYN8vFgexRUQE9423c,RCC RECTANGULAR COLUMN,RCC COLUMN (230mm x 900mm),Ground Floor,RCC - M30,Concrete f'c=30 MPa,0.9625499999999989
48078,1naJBYN8vFgexRUQE9423P,RCC RECTANGULAR COLUMN,RCC COLUMN (230mm x 900mm),Ground Floor,RCC - M30,Concrete f'c=30 MPa,0.9625499999999987
48139,1naJBYN8vFgexRUQE9423S,RCC RECTANGULAR COLUMN,RCC COLUMN (230mm x 900mm),Ground Floor,RCC - M30,Concrete f'c=30 MPa,0.9625499999999971
48200,1naJBYN8vFgexRUQE9423V,RCC RECTANGULAR COLUMN,RCC COLUMN (230mm x 900mm),Ground Floor,RCC - M30,Concrete f'c=30 MPa,0.9625499999999984
48261,1naJBYN8vFgexRUQE9423I,RCC RECTANGULAR COLUMN,RCC COLUMN (230mm x 900mm),Ground Floor,RCC - M30,Concrete f'c=30 MPa,0.9625499999999986
48322,1naJBYN8vFgexRUQE9423L,RCC RECTANGULAR COLUMN,RCC COLUMN (230mm x 900mm),Ground Floor,RCC - M30,Concrete f'c=30 MPa,0.9625499999999996
48383,1naJBYN8vFgexRUQE94238,RCC RECTANGULAR COLUMN,RCC COLUMN (230mm x 900mm),Ground Floor,RCC - M30,Concrete f'c=30 MPa,0.9625499999999994
48444,1naJBYN8vFgexRUQE9423B,RCC RECTANGULAR COLUMN,RCC COLUMN (230mm x 900mm),Ground Floor,RCC - M30,Concrete f'c=30 MPa,0.9625499999999994
48505,1naJBYN8vFgexRUQE9423E,RCC RECTANGULAR COLUMN,RCC COLUMN (230mm x 900mm),Ground Floor,RCC - M30,Concrete f'c=30 MPa,0.9625499999999974
48566,1naJBYN8vFgexRUQE94231,RCC RECTANGULAR COLUMN,RCC COLUMN (230mm x 900mm),Ground Floor,RCC - M30,Concrete f'c=30 MPa,0.9625499999999989
48627,1naJBYN8vFgexRUQE94234,RCC RECTANGULAR COLUMN,RCC COLUMN (230mm x 900mm),Ground Floor,RCC - M30,Concrete f'c=30 MPa,0.9625499999999989
48688,1naJBYN8vFgexRUQE94237,RCC RECTANGULAR COLUMN,RCC COLUMN (230mm x 900mm),Ground Floor,RCC - M30,Concrete f'c=30 MPa,0.9625500000000006
48749,1naJBYN8vFgexRUQE9420w,RCC RECTANGULAR COLUMN,RCC COLUMN (230mm x 900mm),Ground Floor,RCC - M30,Concrete f'c=30 MPa,0.9625500000000009
48810,1naJBYN8vFgexRUQE9420z,RCC RECTANGULAR COLUMN,RCC COLUMN (230mm x 900mm),Ground Floor,RCC - M30,Concrete f'c=30 MPa,0.9625500000000016
48871,1naJBYN8vFgexRUQE9420m,RCC RECTANGULAR COLUMN,RCC COLUMN (230mm x 900mm),Ground Floor,RCC - M30,Concrete f'c=30 MPa,0.9625500000000016
48932,1naJBYN8vFgexRUQE9420p,RCC RECTANGULAR COLUMN,RCC COLUMN (230mm x 900mm),Ground Floor,RCC - M30,Concrete f'c=30 MPa,0.9625500000000016
48993,1naJBYN8vFgexRUQE9420s,RCC RECTANGULAR COLUMN,RCC COLUMN (230mm x 900mm),Ground Floor,RCC - M30,Concrete f'c=30 MPa,0.9625500000000008
49054,1naJBYN8vFgexRUQE9420f,RCC RECTANGULAR COLUMN,RCC COLUMN (230mm x 900mm),Ground Floor,RCC - M30,Concrete f'c=30 MPa,0.9625499999999957
49115,1naJBYN8vFgexRUQE9420i,RCC RECTANGULAR COLUMN,RCC COLUMN (230mm x 900mm),Ground Floor,RCC - M30,Concrete f'c=30 MPa,0.9625500000000008
49176,1naJBYN8vFgexRUQE9420l,RCC RECTANGULAR COLUMN,RCC COLUMN (230mm x 900mm),Ground Floor,RCC - M30,Concrete f'c=30 MPa,0.9625500000000013
49237,1naJBYN8vFgexRUQE9420Y,RCC RECTANGULAR COLUMN,RCC COLUMN (230mm x 900mm),Ground Floor,RCC - M30,Concrete f'c=30 MPa,0.9625500000000018
49298,1naJBYN8vFgexRUQE9420b,RCC RECTANGULAR COLUMN,RCC COLUMN (230mm x 900mm),Ground Floor,RCC - M30,Concrete f'c=30 MPa,0.9625500000000006
49359,1naJBYN8vFgexRUQE9420O,RCC RECTANGULAR COLUMN,RCC COLUMN (230mm x 900mm),Ground Floor,RCC - M30,Concrete f'c=30 MPa,0.9625499999999998
49420,1naJBYN8vFgexRUQE9420R,RCC RECTANGULAR COLUMN,RCC COLUMN (230mm x 900mm),Ground Floor,RCC - M30,Concrete f'c=30 MPa,0.9625499999999989
49481,1naJBYN8vFgexRUQE9420U,RCC RECTANGULAR COLUMN,RCC COLUMN (230mm x 900mm),Ground Floor,RCC - M30,Concrete f'c=30 MPa,0.962550000000005
49542,1naJBYN8vFgexRUQE9420H,RCC RECTANGULAR COLUMN,RCC COLUMN (230mm x 900mm),Ground Floor,RCC - M30,Concrete f'c=30 MPa,0.962550000000005
49603,1naJBYN8vFgexRUQE9420K,RCC RECTANGULAR COLUMN,RCC COLUMN (230mm x 900mm),Ground Floor,RCC - M30,Concrete f'c=30 MPa,0.9625500000000053
49664,1naJBYN8vFgexRUQE9420N,RCC RECTANGULAR COLUMN,RCC COLUMN (230mm x 900mm),Ground Floor,RCC - M30,Concrete f'c=30 MPa,0.962550000000005
49725,1naJBYN8vFgexRUQE9420A,RCC RECTANGULAR COLUMN,RCC COLUMN (230mm x 900mm),Ground Floor,RCC - M30,Concrete f'c=30 MPa,0.962550000000005
49786,1naJBYN8vFgexRUQE9420D,RCC RECTANGULAR COLUMN,RCC COLUMN (230mm x 900mm),Ground Floor,RCC - M30,Concrete f'c=30 MPa,0.9625500000000053
49847,1naJBYN8vFgexRUQE94200,RCC RECTANGULAR COLUMN,RCC COLUMN (230mm x 900mm),Ground Floor,RCC - M30,Concrete f'c=30 MPa,0.9625500000000048
49908,1naJBYN8vFgexRUQE94203,RCC RECTANGULAR COLUMN,RCC COLUMN (230mm x 900mm),Ground Floor,RCC - M30,Concrete f'c=30 MPa,0.9625500000000018
49969,1naJBYN8vFgexRUQE94206,RCC RECTANGULAR COLUMN,RCC COLUMN (230mm x 900mm),Ground Floor,RCC - M30,Concrete f'c=30 MPa,0.962550000000004
50030,1naJBYN8vFgexRUQE9421v,RCC RECTANGULAR COLUMN,RCC COLUMN (230mm x 900mm),Ground Floor,RCC - M30,Concrete f'c=30 MPa,0.962550000000004
50091,1naJBYN8vFgexRUQE9421y,RCC RECTANGULAR COLUMN,RCC COLUMN (230mm x 900mm),Ground Floor,RCC - M30,Concrete f'c=30 MPa,0.9625500000000009
50152,1naJBYN8vFgexRUQE9421$,RCC RECTANGULAR COLUMN,RCC COLUMN (230mm x 900mm),Ground Floor,RCC - M30,Concrete f'c=30 MPa,0.9625500000000009
50213,1naJBYN8vFgexRUQE9421o,RCC RECTANGULAR COLUMN,RCC COLUMN (230mm x 900mm),Ground Floor,RCC - M30,Concrete f'c=30 MPa,0.9625500000000009
50274,1naJBYN8vFgexRUQE9421r,RCC RECTANGULAR COLUMN,RCC COLUMN (230mm x 900mm),Ground Floor,RCC - M30,Concrete f'c=30 MPa,0.9625500000000009
50335,1naJBYN8vFgexRUQE9421e,RCC RECTANGULAR COLUMN,RCC COLUMN (230mm x 900mm),Ground Floor,RCC - M30,Concrete f'c=30 MPa,0.962550000000004
50396,1naJBYN8vFgexRUQE9421h,RCC RECTANGULAR COLUMN,RCC COLUMN (230mm x 900mm),Ground Floor,RCC - M30,Concrete f'c=30 MPa,0.962550000000004
50457,1naJBYN8vFgexRUQE9421k,RCC RECTANGULAR COLUMN,RCC COLUMN (230mm x 900mm),Ground Floor,RCC - M30,Concrete f'c=30 MPa,0.9625500000000018
50518,1naJBYN8vFgexRUQE9421X,RCC RECTANGULAR COLUMN,RCC COLUMN (230mm x 900mm),Ground Floor,RCC - M30,Concrete f'c=30 MPa,0.9625500000000046
50579,1naJBYN8vFgexRUQE9421H,RCC RECTANGULAR COLUMN,RCC COLUMN (230mm x 900mm),First Floor,RCC - M30,Concrete f'c=30 MPa,0.9625500000000003
50642,1naJBYN8vFgexRUQE9421I,RCC RECTANGULAR COLUMN,RCC COLUMN (230mm x 900mm),First Floor,RCC - M30,Concrete f'c=30 MPa,0.9625500000000003
50703,1naJBYN8vFgexRUQE9421J,RCC RECTANGULAR COLUMN,RCC COLUMN (230mm x 900mm),First Floor,RCC - M30,Concrete f'c=30 MPa,0.9625500000000003
50764,1naJBYN8vFgexRUQE9421K,RCC RECTANGULAR COLUMN,RCC COLUMN (230mm x 900mm),First Floor,RCC - M30,Concrete f'c=30 MPa,0.9625500000000006
50825,1naJBYN8vFgexRUQE9421L,RCC RECTANGULAR COLUMN,RCC COLUMN (230mm x 900mm),First Floor,RCC - M30,Concrete f'c=30 MPa,0.9625500000000003
50886,1naJBYN8vFgexRUQE9421M,RCC RECTANGULAR COLUMN,RCC COLUMN (230mm x 900mm),First Floor,RCC - M30,Concrete f'c=30 MPa,0.9625499999999987
50947,1naJBYN8vFgexRUQE9421N,RCC RECTANGULAR COLUMN,RCC COLUMN (230mm x 900mm),First Floor,RCC - M30,Concrete f'c=30 MPa,0.9625499999999987
51008,1naJBYN8vFgexRUQE94218,RCC RECTANGULAR COLUMN,RCC COLUMN (230mm x 900mm),First Floor,RCC - M30,Concrete f'c=30 MPa,0.9625499999999989
51069,1naJBYN8vFgexRUQE94219,RCC RECTANGULAR COLUMN,RCC COLUMN (230mm x 900mm),First Floor,RCC - M30,Concrete f'c=30 MPa,0.9625499999999991
51130,1naJBYN8vFgexRUQE9421A,RCC RECTANGULAR COLUMN,RCC COLUMN (230mm x 900mm),First Floor,RCC - M30,Concrete f'c=30 MPa,0.9625499999999991
51191,1naJBYN8vFgexRUQE9421B,RCC RECTANGULAR COLUMN,RCC COLUMN (230mm x 900mm),First Floor,RCC - M30,Concrete f'c=30 MPa,0.9625499999999991
51252,1naJBYN8vFgexRUQE9421C,RCC RECTANGULAR COLUMN,RCC COLUMN (230mm x 900mm),First Floor,RCC - M30,Concrete f'c=30 MPa,0.9625499999999991
51313,1naJBYN8vFgexRUQE9421D,RCC RECTANGULAR COLUMN,RCC COLUMN (230mm x 900mm),First Floor,RCC - M30,Concrete f'c=30 MPa,0.9625499999999991
51374,1naJBYN8vFgexRUQE9421E,RCC RECTANGULAR COLUMN,RCC COLUMN (230mm x 900mm),First Floor,RCC - M30,Concrete f'c=30 MPa,0.9625499999999987
51435,1naJBYN8vFgexRUQE9421F,RCC RECTANGULAR COLUMN,RCC COLUMN (230mm x 900mm),First Floor,RCC - M30,Concrete f'c=30 MPa,0.9625499999999987
51496,1naJBYN8vFgexRUQE94210,RCC RECTANGULAR COLUMN,RCC COLUMN (230mm x 900mm),First Floor,RCC - M30,Concrete f'c=30 MPa,0.9625499999999987
51557,1naJBYN8vFgexRUQE94211,RCC RECTANGULAR COLUMN,RCC COLUMN (230mm x 900mm),First Floor,RCC - M30,Concrete f'c=30 MPa,0.9625500000000003
51618,1naJBYN8vFgexRUQE94212,RCC RECTANGULAR COLUMN,RCC COLUMN (230mm x 900mm),First Floor,RCC - M30,Concrete f'c=30 MPa,0.9625499999999987
51679,1naJBYN8vFgexRUQE94213,RCC RECTANGULAR COLUMN,RCC COLUMN (230mm x 900mm),First Floor,RCC - M30,Concrete f'c=30 MPa,0.9625499999999987
51740,1naJBYN8vFgexRUQE94214,RCC RECTANGULAR COLUMN,RCC COLUMN (230mm x 900mm),First Floor,RCC - M30,Concrete f'c=30 MPa,0.9625499999999991
51801,1naJBYN8vFgexRUQE94215,RCC RECTANGULAR COLUMN,RCC COLUMN (230mm x 900mm),First Floor,RCC - M30,Concrete f'c=30 MPa,0.9625499999999991
51862,1naJBYN8vFgexRUQE94216,RCC RECTANGULAR COLUMN,RCC COLUMN (230mm x 900mm),First Floor,RCC - M30,Concrete f'c=30 MPa,0.9625499999999994
51923,1naJBYN8vFgexRUQE94217,RCC RECTANGULAR COLUMN,RCC COLUMN (230mm x 900mm),First Floor,RCC - M30,Concrete f'c=30 MPa,0.9625499999999994
51984,1naJBYN8vFgexRUQE9426u,RCC RECTANGULAR COLUMN,RCC COLUMN (230mm x 900mm),First Floor,RCC - M30,Concrete f'c=30 MPa,0.9625499999999987
52045,1naJBYN8vFgexRUQE9426v,RCC RECTANGULAR COLUMN,RCC COLUMN (230mm x 900mm),First Floor,RCC - M30,Concrete f'c=30 MPa,0.9625499999999987
52106,1naJBYN8vFgexRUQE9426w,RCC RECTANGULAR COLUMN,RCC COLUMN (230mm x 900mm),First Floor,RCC - M30,Concrete f'c=30 MPa,0.9625500000000003
52167,1naJBYN8vFgexRUQE9426x,RCC RECTANGULAR COLUMN,RCC COLUMN (230mm x 900mm),First Floor,RCC - M30,Concrete f'c=30 MPa,0.9625500000000006
52228,1naJBYN8vFgexRUQE9426y,RCC RECTANGULAR COLUMN,RCC COLUMN (230mm x 900mm),First Floor,RCC - M30,Concrete f'c=30 MPa,0.9625499999999987
52289,1naJBYN8vFgexRUQE9426z,RCC RECTANGULAR COLUMN,RCC COLUMN (230mm x 900mm),First Floor,RCC - M30,Concrete f'c=30 MPa,0.9625499999999987
52350,1naJBYN8vFgexRUQE9426_,RCC RECTANGULAR COLUMN,RCC COLUMN (230mm x 900mm),First Floor,RCC - M30,Concrete f'c=30 MPa,0.9625500000000006
52411,1naJBYN8vFgexRUQE9426$,RCC RECTANGULAR COLUMN,RCC COLUMN (230mm x 900mm),First Floor,RCC - M30,Concrete f'c=30 MPa,0.9625499999999989
52472,1naJBYN8vFgexRUQE9426m,RCC RECTANGULAR COLUMN,RCC COLUMN (230mm x 900mm),First Floor,RCC - M30,Concrete f'c=30 MPa,0.9625499999999987
52533,1naJBYN8vFgexRUQE9426n,RCC RECTANGULAR COLUMN,RCC COLUMN (230mm x 900mm),First Floor,RCC - M30,Concrete f'c=30 MPa,0.9625500000000006
52594,1naJBYN8vFgexRUQE9426o,RCC RECTANGULAR COLUMN,RCC COLUMN (230mm x 900mm),First Floor,RCC - M30,Concrete f'c=30 MPa,0.9625499999999989
52655,1naJBYN8vFgexRUQE9426p,RCC RECTANGULAR COLUMN,RCC COLUMN (230mm x 900mm),First Floor,RCC - M30,Concrete f'c=30 MPa,0.9625499999999987
52716,1naJBYN8vFgexRUQE9426q,RCC RECTANGULAR COLUMN,RCC COLUMN (230mm x 900mm),First Floor,RCC - M30,Concrete f'c=30 MPa,0.9625500000000006
52777,1naJBYN8vFgexRUQE9426r,RCC RECTANGULAR COLUMN,RCC COLUMN (230mm x 900mm),First Floor,RCC - M30,Concrete f'c=30 MPa,0.9625500000000003
52838,1naJBYN8vFgexRUQE9426s,RCC RECTANGULAR COLUMN,RCC COLUMN (230mm x 900mm),First Floor,RCC - M30,Concrete f'c=30 MPa,0.9625499999999987
52899,1naJBYN8vFgexRUQE9426t,RCC RECTANGULAR COLUMN,RCC COLUMN (230mm x 900mm),First Floor,RCC - M30,Concrete f'c=30 MPa,0.9625499999999987
52960,1naJBYN8vFgexRUQE9426e,RCC RECTANGULAR COLUMN,RCC COLUMN (230mm x 900mm),First Floor,RCC - M30,Concrete f'c=30 MPa,0.9625500000000006
53021,1naJBYN8vFgexRUQE9426f,RCC RECTANGULAR COLUMN,RCC COLUMN (230mm x 900mm),First Floor,RCC - M30,Concrete f'c=30 MPa,0.9625499999999987
53082,1naJBYN8vFgexRUQE9426g,RCC RECTANGULAR COLUMN,RCC COLUMN (230mm x 900mm),First Floor,RCC - M30,Concrete f'c=30 MPa,0.9625499999999971
53144,1naJBYN8vFgexRUQE9426h,RCC RECTANGULAR COLUMN,RCC COLUMN (230mm x 900mm),First Floor,RCC - M30,Concrete f'c=30 MPa,0.9625499999999996
53205,1naJBYN8vFgexRUQE9426i,RCC RECTANGULAR COLUMN,RCC COLUMN (230mm x 900mm),First Floor,RCC - M30,Concrete f'c=30 MPa,0.9625499999999979
53266,1naJBYN8vFgexRUQE9426j,RCC RECTANGULAR COLUMN,RCC COLUMN (230mm x 900mm),First Floor,RCC - M30,Concrete f'c=30 MPa,0.9625499999999979
53327,1naJBYN8vFgexRUQE9426k,RCC RECTANGULAR COLUMN,RCC COLUMN (230mm x 900mm),First Floor,RCC - M30,Concrete f'c=30 MPa,0.9625499999999966
53388,1naJBYN8vFgexRUQE9426l,RCC RECTANGULAR COLUMN,RCC COLUMN (230mm x 900mm),First Floor,RCC - M30,Concrete f'c=30 MPa,0.9625499999999969
53449,1naJBYN8vFgexRUQE9426W,RCC RECTANGULAR COLUMN,RCC COLUMN (230mm x 900mm),First Floor,RCC - M30,Concrete f'c=30 MPa,0.9625499999999966
53510,1naJBYN8vFgexRUQE9426X,RCC RECTANGULAR COLUMN,RCC COLUMN (230mm x 900mm),First Floor,RCC - M30,Concrete f'c=30 MPa,0.9625499999999979
53571,1naJBYN8vFgexRUQE9426Y,RCC RECTANGULAR COLUMN,RCC COLUMN (230mm x 900mm),First Floor,RCC - M30,Concrete f'c=30 MPa,0.9625499999999979
53632,1naJBYN8vFgexRUQE9426Z,RCC RECTANGULAR COLUMN,RCC COLUMN (230mm x 900mm),First Floor,RCC - M30,Concrete f'c=30 MPa,0.9625500000000009
53693,1naJBYN8vFgexRUQE9426a,RCC RECTANGULAR COLUMN,RCC COLUMN (230mm x 900mm),First Floor,RCC - M30,Concrete f'c=30 MPa,0.9625500000000009
53754,1naJBYN8vFgexRUQE9426b,RCC RECTANGULAR COLUMN,RCC COLUMN (230mm x 900mm),First Floor,RCC - M30,Concrete f'c=30 MPa,0.9625500000000001
53815,1naJBYN8vFgexRUQE9426c,RCC RECTANGULAR COLUMN,RCC COLUMN (230mm x 900mm),First Floor,RCC - M30,Concrete f'c=30 MPa,0.9625500000000016
53876,1naJBYN8vFgexRUQE9426d,RCC RECTANGULAR COLUMN,RCC COLUMN (230mm x 900mm),First Floor,RCC - M30,Concrete f'c=30 MPa,0.9625500000000003
53937,1naJBYN8vFgexRUQE9426O,RCC RECTANGULAR COLUMN,RCC COLUMN (230mm x 900mm),First Floor,RCC - M30,Concrete f'c=30 MPa,0.9625500000000006
53998,1naJBYN8vFgexRUQE9426P,RCC RECTANGULAR COLUMN,RCC COLUMN (230mm x 900mm),First Floor,RCC - M30,Concrete f'c=30 MPa,0.9625500000000006
54059,1naJBYN8vFgexRUQE9426Q,RCC RECTANGULAR COLUMN,RCC COLUMN (230mm x 900mm),First Floor,RCC - M30,Concrete f'c=30 MPa,0.9625500000000006
54120,1naJBYN8vFgexRUQE9426R,RCC RECTANGULAR COLUMN,RCC COLUMN (230mm x 900mm),First Floor,RCC - M30,Concrete f'c=30 MPa,0.9625499999999994
54181,1naJBYN8vFgexRUQE9426S,RCC RECTANGULAR COLUMN,RCC COLUMN (230mm x 900mm),First Floor,RCC - M30,Concrete f'c=30 MPa,0.9625500000000011
54242,1naJBYN8vFgexRUQE9426T,RCC RECTANGULAR COLUMN,RCC COLUMN (230mm x 900mm),First Floor,RCC - M30,Concrete f'c=30 MPa,0.9625500000000009
54303,1naJBYN8vFgexRUQE9426U,RCC RECTANGULAR COLUMN,RCC COLUMN (230mm x 900mm),First Floor,RCC - M30,Concrete f'c=30 MPa,0.9625499999999998
54364,1naJBYN8vFgexRUQE9426V,RCC RECTANGULAR COLUMN,RCC COLUMN (230mm x 900mm),First Floor,RCC - M30,Concrete f'c=30 MPa,0.9625499999999996
54425,1naJBYN8vFgexRUQE9426G,RCC RECTANGULAR COLUMN,RCC COLUMN (230mm x 900mm),First Floor,RCC - M30,Concrete f'c=30 MPa,0.9625500000000013
54486,1naJBYN8vFgexRUQE9426H,RCC RECTANGULAR COLUMN,RCC COLUMN (230mm x 900mm),First Floor,RCC - M30,Concrete f'c=30 MPa,0.9625500000000003
54547,1naJBYN8vFgexRUQE9426I,RCC RECTANGULAR COLUMN,RCC COLUMN (230mm x 900mm),First Floor,RCC - M30,Concrete f'c=30 MPa,0.9625499999999994
54608,1naJBYN8vFgexRUQE9426J,RCC RECTANGULAR COLUMN,RCC COLUMN (230mm x 900mm),First Floor,RCC - M30,Concrete f'c=30 MPa,0.9625499999999999
54669,1naJBYN8vFgexRUQE9426K,RCC RECTANGULAR COLUMN,RCC COLUMN (230mm x 900mm),First Floor,RCC - M30,Concrete f'c=30 MPa,0.9625499999999967
54730,1naJBYN8vFgexRUQE9426L,RCC RECTANGULAR COLUMN,RCC COLUMN (230mm x 900mm),First Floor,RCC - M30,Concrete f'c=30 MPa,0.9625499999999989
54791,1naJBYN8vFgexRUQE9426M,RCC RECTANGULAR COLUMN,RCC COLUMN (230mm x 900mm),First Floor,RCC - M30,Concrete f'c=30 MPa,0.9625499999999991
54852,1naJBYN8vFgexRUQE9426N,RCC RECTANGULAR COLUMN,RCC COLUMN (230mm x 900mm),First Floor,RCC - M30,Concrete f'c=30 MPa,0.9625500000000006
54913,1naJBYN8vFgexRUQE94268,RCC RECTANGULAR COLUMN,RCC COLUMN (230mm x 900mm),First Floor,RCC - M30,Concrete f'c=30 MPa,0.9625500000000006
54974,1naJBYN8vFgexRUQE94269,RCC RECTANGULAR COLUMN,RCC COLUMN (230mm x 900mm),First Floor,RCC - M30,Concrete f'c=30 MPa,0.9625500000000008
55035,1naJBYN8vFgexRUQE9426A,RCC RECTANGULAR COLUMN,RCC COLUMN (230mm x 900mm),First Floor,RCC - M30,Concrete f'c=30 MPa,0.9625500000000016
55096,1naJBYN8vFgexRUQE9426B,RCC RECTANGULAR COLUMN,RCC COLUMN (230mm x 900mm),First Floor,RCC - M30,Concrete f'c=30 MPa,0.9625500000000006
55157,1naJBYN8vFgexRUQE9426C,RCC RECTANGULAR COLUMN,RCC COLUMN (230mm x 900mm),First Floor,RCC - M30,Concrete f'c=30 MPa,0.9625499999999977
55218,1naJBYN8vFgexRUQE9426D,RCC RECTANGULAR COLUMN,RCC COLUMN (230mm x 900mm),First Floor,RCC - M30,Concrete f'c=30 MPa,0.9625499999999989
55279,1naJBYN8vFgexRUQE9426E,RCC RECTANGULAR COLUMN,RCC COLUMN (230mm x 900mm),First Floor,RCC - M30,Concrete f'c=30 MPa,0.9625499999999989
55340,1naJBYN8vFgexRUQE9426F,RCC RECTANGULAR COLUMN,RCC COLUMN (230mm x 900mm),First Floor,RCC - M30,Concrete f'c=30 MPa,0.9625499999999987
55401,1naJBYN8vFgexRUQE94260,RCC RECTANGULAR COLUMN,RCC COLUMN (230mm x 900mm),First Floor,RCC - M30,Concrete f'c=30 MPa,0.9625500000000003
55462,1naJBYN8vFgexRUQE94261,RCC RECTANGULAR COLUMN,RCC COLUMN (230mm x 900mm),First Floor,RCC - M30,Concrete f'c=30 MPa,0.9625500000000003
55523,1naJBYN8vFgexRUQE94262,RCC RECTANGULAR COLUMN,RCC COLUMN (230mm x 900mm),First Floor,RCC - M30,Concrete f'c=30 MPa,0.9625500000000003
55584,1naJBYN8vFgexRUQE94263,RCC RECTANGULAR COLUMN,RCC COLUMN (230mm x 900mm),First Floor,RCC - M30,Concrete f'c=30 MPa,0.9625499999999987
55645,1naJBYN8vFgexRUQE94264,RCC RECTANGULAR COLUMN,RCC COLUMN (230mm x 900mm),First Floor,RCC - M30,Concrete f'c=30 MPa,0.9625499999999987
55706,1naJBYN8vFgexRUQE94265,RCC RECTANGULAR COLUMN,RCC COLUMN (230mm x 900mm),First Floor,RCC - M30,Concrete f'c=30 MPa,0.9625499999999994
55767,1naJBYN8vFgexRUQE94266,RCC RECTANGULAR COLUMN,RCC COLUMN (230mm x 900mm),First Floor,RCC - M30,Concrete f'c=30 MPa,0.9625499999999991
55828,1naJBYN8vFgexRUQE94267,RCC RECTANGULAR COLUMN,RCC COLUMN (230mm x 900mm),First Floor,RCC - M30,Concrete f'c=30 MPa,0.9625499999999981
55889,1naJBYN8vFgexRUQE9427u,RCC RECTANGULAR COLUMN,RCC COLUMN (230mm x 900mm),First Floor,RCC - M30,Concrete f'c=30 MPa,0.9625499999999951
55950,1naJBYN8vFgexRUQE9427v,RCC RECTANGULAR COLUMN,RCC COLUMN (230mm x 900mm),First Floor,RCC - M30,Concrete f'c=30 MPa,0.9625499999999949
56011,1naJBYN8vFgexRUQE9427w,RCC RECTANGULAR COLUMN,RCC COLUMN (230mm x 900mm),First Floor,RCC - M30,Concrete f'c=30 MPa,0.9625499999999989
56072,1naJBYN8vFgexRUQE9427x,RCC RECTANGULAR COLUMN,RCC COLUMN (230mm x 900mm),First Floor,RCC - M30,Concrete f'c=30 MPa,0.9625499999999987
56133,1naJBYN8vFgexRUQE9427y,RCC RECTANGULAR COLUMN,RCC COLUMN (230mm x 900mm),First Floor,RCC - M30,Concrete f'c=30 MPa,0.9625499999999971
56194,1naJBYN8vFgexRUQE9427z,RCC RECTANGULAR COLUMN,RCC COLUMN (230mm x 900mm),First Floor,RCC - M30,Concrete f'c=30 MPa,0.9625499999999984
56255,1naJBYN8vFgexRUQE9427_,RCC RECTANGULAR COLUMN,RCC COLUMN (230mm x 900mm),First Floor,RCC - M30,Concrete f'c=30 MPa,0.9625499999999986
56316,1naJBYN8vFgexRUQE9427$,RCC RECTANGULAR COLUMN,RCC COLUMN (230mm x 900mm),First Floor,RCC - M30,Concrete f'c=30 MPa,0.9625499999999996
56377,1naJBYN8vFgexRUQE9427m,RCC RECTANGULAR COLUMN,RCC COLUMN (230mm x 900mm),First Floor,RCC - M30,Concrete f'c=30 MPa,0.9625499999999994
56438,1naJBYN8vFgexRUQE9427n,RCC RECTANGULAR COLUMN,RCC COLUMN (230mm x 900mm),First Floor,RCC - M30,Concrete f'c=30 MPa,0.9625499999999994
56499,1naJBYN8vFgexRUQE9427o,RCC RECTANGULAR COLUMN,RCC COLUMN (230mm x 900mm),First Floor,RCC - M30,Concrete f'c=30 MPa,0.9625499999999974
56560,1naJBYN8vFgexRUQE9427p,RCC RECTANGULAR COLUMN,RCC COLUMN (230mm x 900mm),First Floor,RCC - M30,Concrete f'c=30 MPa,0.9625499999999989
56621,1naJBYN8vFgexRUQE9427q,RCC RECTANGULAR COLUMN,RCC COLUMN (230mm x 900mm),First Floor,RCC - M30,Concrete f'c=30 MPa,0.9625499999999989
56682,1naJBYN8vFgexRUQE9427r,RCC RECTANGULAR COLUMN,RCC COLUMN (230mm x 900mm),First Floor,RCC - M30,Concrete f'c=30 MPa,0.9625500000000006
56743,1naJBYN8vFgexRUQE9427s,RCC RECTANGULAR COLUMN,RCC COLUMN (230mm x 900mm),First Floor,RCC - M30,Concrete f'c=30 MPa,0.9625500000000009
56804,1naJBYN8vFgexRUQE9427t,RCC RECTANGULAR COLUMN,RCC COLUMN (230mm x 900mm),First Floor,RCC - M30,Concrete f'c=30 MPa,0.9625500000000016
56865,1naJBYN8vFgexRUQE9427e,RCC RECTANGULAR COLUMN,RCC COLUMN (230mm x 900mm),First Floor,RCC - M30,Concrete f'c=30 MPa,0.9625500000000016
56926,1naJBYN8vFgexRUQE9427f,RCC RECTANGULAR COLUMN,RCC COLUMN (230mm x 900mm),First Floor,RCC - M30,Concrete f'c=30 MPa,0.9625500000000016
56987,1naJBYN8vFgexRUQE9427g,RCC RECTANGULAR COLUMN,RCC COLUMN (230mm x 900mm),First Floor,RCC - M30,Concrete f'c=30 MPa,0.9625500000000008
57048,1naJBYN8vFgexRUQE9427h,RCC RECTANGULAR COLUMN,RCC COLUMN (230mm x 900mm),First Floor,RCC - M30,Concrete f'c=30 MPa,0.9625499999999955
57109,1naJBYN8vFgexRUQE9427i,RCC RECTANGULAR COLUMN,RCC COLUMN (230mm x 900mm),First Floor,RCC - M30,Concrete f'c=30 MPa,0.9625500000000008
57170,1naJBYN8vFgexRUQE9427j,RCC RECTANGULAR COLUMN,RCC COLUMN (230mm x 900mm),First Floor,RCC - M30,Concrete f'c=30 MPa,0.9625500000000013
57231,1naJBYN8vFgexRUQE9427k,RCC RECTANGULAR COLUMN,RCC COLUMN (230mm x 900mm),First Floor,RCC - M30,Concrete f'c=30 MPa,0.9625500000000018
57292,1naJBYN8vFgexRUQE9427l,RCC RECTANGULAR COLUMN,RCC COLUMN (230mm x 900mm),First Floor,RCC - M30,Concrete f'c=30 MPa,0.9625500000000003
57353,1naJBYN8vFgexRUQE9427W,RCC RECTANGULAR COLUMN,RCC COLUMN (230mm x 900mm),First Floor,RCC - M30,Concrete f'c=30 MPa,0.9625499999999998
57414,1naJBYN8vFgexRUQE9427X,RCC RECTANGULAR COLUMN,RCC COLUMN (230mm x 900mm),First Floor,RCC - M30,Concrete f'c=30 MPa,0.9625499999999989
57475,1naJBYN8vFgexRUQE9427Y,RCC RECTANGULAR COLUMN,RCC COLUMN (230mm x 900mm),First Floor,RCC - M30,Concrete f'c=30 MPa,0.962550000000005
57536,1naJBYN8vFgexRUQE9427Z,RCC RECTANGULAR COLUMN,RCC COLUMN (230mm x 900mm),First Floor,RCC - M30,Concrete f'c=30 MPa,0.962550000000005
57597,1naJBYN8vFgexRUQE9427a,RCC RECTANGULAR COLUMN,RCC COLUMN (230mm x 900mm),First Floor,RCC - M30,Concrete f'c=30 MPa,0.9625500000000053
57658,1naJBYN8vFgexRUQE9427b,RCC RECTANGULAR COLUMN,RCC COLUMN (230mm x 900mm),First Floor,RCC - M30,Concrete f'c=30 MPa,0.962550000000005
57719,1naJBYN8vFgexRUQE9427c,RCC RECTANGULAR COLUMN,RCC COLUMN (230mm x 900mm),First Floor,RCC - M30,Concrete f'c=30 MPa,0.962550000000005
57780,1naJBYN8vFgexRUQE9427d,RCC RECTANGULAR COLUMN,RCC COLUMN (230mm x 900mm),First Floor,RCC - M30,Concrete f'c=30 MPa,0.9625500000000053
57841,1naJBYN8vFgexRUQE9427O,RCC RECTANGULAR COLUMN,RCC COLUMN (230mm x 900mm),First Floor,RCC - M30,Concrete f'c=30 MPa,0.9625500000000048
57902,1naJBYN8vFgexRUQE9427P,RCC RECTANGULAR COLUMN,RCC COLUMN (230mm x 900mm),First Floor,RCC - M30,Concrete f'c=30 MPa,0.9625500000000018
57963,1naJBYN8vFgexRUQE9427Q,RCC RECTANGULAR COLUMN,RCC COLUMN (230mm x 900mm),First Floor,RCC - M30,Concrete f'c=30 MPa,0.962550000000004
58024,1naJBYN8vFgexRUQE9427R,RCC RECTANGULAR COLUMN,RCC COLUMN (230mm x 900mm),First Floor,RCC - M30,Concrete f'c=30 MPa,0.962550000000004
58085,1naJBYN8vFgexRUQE9427S,RCC RECTANGULAR COLUMN,RCC COLUMN (230mm x 900mm),First Floor,RCC - M30,Concrete f'c=30 MPa,0.9625500000000009
58146,1naJBYN8vFgexRUQE9427T,RCC RECTANGULAR COLUMN,RCC COLUMN (230mm x 900mm),First Floor,RCC - M30,Concrete f'c=30 MPa,0.9625500000000009
58207,1naJBYN8vFgexRUQE9427U,RCC RECTANGULAR COLUMN,RCC COLUMN (230mm x 900mm),First Floor,RCC - M30,Concrete f'c=30 MPa,0.9625499999999949
58268,1naJBYN8vFgexRUQE9427V,RCC RECTANGULAR COLUMN,RCC COLUMN (230mm x 900mm),First Floor,RCC - M30,Concrete f'c=30 MPa,0.9625499999999949
58329,1naJBYN8vFgexRUQE9427G,RCC RECTANGULAR COLUMN,RCC COLUMN (230mm x 900mm),First Floor,RCC - M30,Concrete f'c=30 MPa,0.9625499999999979
58390,1naJBYN8vFgexRUQE9427H,RCC RECTANGULAR COLUMN,RCC COLUMN (230mm x 900mm),First Floor,RCC - M30,Concrete f'c=30 MPa,0.9625499999999979
58451,1naJBYN8vFgexRUQE9427I,RCC RECTANGULAR COLUMN,RCC COLUMN (230mm x 900mm),First Floor,RCC - M30,Concrete f'c=30 MPa,0.9625500000000018
58512,1naJBYN8vFgexRUQE9427J,RCC RECTANGULAR COLUMN,RCC COLUMN (230mm x 900mm),First Floor,RCC - M30,Concrete f'c=30 MPa,0.9625500000000046
58573,1naJBYN8vFgexRUQE94275,RCC RECTANGULAR COLUMN,RCC COLUMN (230mm x 900mm),First Floor,RCC - M30,Concrete f'c=30 MPa,0.9625499999999991
58634,1naJBYN8vFgexRUQE9424n,RCC RECTANGULAR COLUMN,RCC COLUMN (230mm x 900mm),First Floor,RCC - M30,Concrete f'c=30 MPa,0.9625500000000003
58695,1naJBYN8vFgexRUQE9424W,RCC RECTANGULAR COLUMN,RCC COLUMN (230mm x 900mm),First Floor,RCC - M30,Concrete f'c=30 MPa,0.9625500000000003
58756,3shmjyHFfDyARvEOK$1brl,RCC RECTANGULAR COLUMN,RCC COLUMN (230mm x 900mm),Terrace Floor,RCC - M30,Concrete f'c=30 MPa,0.20699999999998892
58820,3shmjyHFfDyARvEOK$1bre,RCC RECTANGULAR COLUMN,RCC COLUMN (230mm x 900mm),Terrace Floor,RCC - M30,Concrete f'c=30 MPa,0.20699999999998892
58881,3shmjyHFfDyARvEOK$1brf,RCC RECTANGULAR COLUMN,RCC COLUMN (230mm x 900mm),Terrace Floor,RCC - M30,Concrete f'c=30 MPa,0.20699999999998892
58942,3shmjyHFfDyARvEOK$1brg,RCC RECTANGULAR COLUMN,RCC COLUMN (230mm x 900mm),Terrace Floor,RCC - M30,Concrete f'c=30 MPa,0.20699999999998892
59003,3shmjyHFfDyARvEOK$1brh,RCC RECTANGULAR COLUMN,RCC COLUMN (230mm x 900mm),Terrace Floor,RCC - M30,Concrete f'c=30 MPa,0.20699999999998892
59064,3shmjyHFfDyARvEOK$1brq,RCC RECTANGULAR COLUMN,RCC COLUMN (230mm x 900mm),Terrace Floor,RCC - M30,Concrete f'c=30 MPa,0.20699999999998858
59125,3shmjyHFfDyARvEOK$1brr,RCC RECTANGULAR COLUMN,RCC COLUMN (230mm x 900mm),Terrace Floor,RCC - M30,Concrete f'c=30 MPa,0.20699999999998858
59186,3shmjyHFfDyARvEOK$1brs,RCC RECTANGULAR COLUMN,RCC COLUMN (230mm x 900mm),Terrace Floor,RCC - M30,Concrete f'c=30 MPa,0.20699999999998864
59247,3shmjyHFfDyARvEOK$1brt,RCC RECTANGULAR COLUMN,RCC COLUMN (230mm x 900mm),Terrace Floor,RCC - M30,Concrete f'c=30 MPa,0.20699999999998867
59308,3shmjyHFfDyARvEOK$1brm,RCC RECTANGULAR COLUMN,RCC COLUMN (230mm x 900mm),Terrace Floor,RCC - M30,Concrete f'c=30 MPa,0.20699999999998864
59369,3shmjyHFfDyARvEOK$1brn,RCC RECTANGULAR COLUMN,RCC COLUMN (230mm x 900mm),Terrace Floor,RCC - M30,Concrete f'c=30 MPa,0.20699999999998867
59430,3shmjyHFfDyARvEOK$1bro,RCC RECTANGULAR COLUMN,RCC COLUMN (230mm x 900mm),Terrace Floor,RCC - M30,Concrete f'c=30 MPa,0.2069999999999887
59491,3shmjyHFfDyARvEOK$1brp,RCC RECTANGULAR COLUMN,RCC COLUMN (230mm x 900mm),Terrace Floor,RCC - M30,Concrete f'c=30 MPa,0.20699999999998867
59552,3shmjyHFfDyARvEOK$1bry,RCC RECTANGULAR COLUMN,RCC COLUMN (230mm x 900mm),Terrace Floor,RCC - M30,Concrete f'c=30 MPa,0.20699999999998858
59613,3shmjyHFfDyARvEOK$1brz,RCC RECTANGULAR COLUMN,RCC COLUMN (230mm x 900mm),Terrace Floor,RCC - M30,Concrete f'c=30 MPa,0.20699999999998858
59674,3shmjyHFfDyARvEOK$1br_,RCC RECTANGULAR COLUMN,RCC COLUMN (230mm x 900mm),Terrace Floor,RCC - M30,Concrete f'c=30 MPa,0.20699999999998858
59735,3shmjyHFfDyARvEOK$1br$,RCC RECTANGULAR COLUMN,RCC COLUMN (230mm x 900mm),Terrace Floor,RCC - M30,Concrete f'c=30 MPa,0.20699999999998892
59796,3shmjyHFfDyARvEOK$1bru,RCC RECTANGULAR COLUMN,RCC COLUMN (230mm x 900mm),Terrace Floor,RCC - M30,Concrete f'c=30 MPa,0.20699999999998858
59857,3shmjyHFfDyARvEOK$1brv,RCC RECTANGULAR COLUMN,RCC COLUMN (230mm x 900mm),Terrace Floor,RCC - M30,Concrete f'c=30 MPa,0.20699999999998858
59918,3shmjyHFfDyARvEOK$1brw,RCC RECTANGULAR COLUMN,RCC COLUMN (230mm x 900mm),Terrace Floor,RCC - M30,Concrete f'c=30 MPa,0.2069999999999887
59979,3shmjyHFfDyARvEOK$1brx,RCC RECTANGULAR COLUMN,RCC COLUMN (230mm x 900mm),Terrace Floor,RCC - M30,Concrete f'c=30 MPa,0.20699999999998867
60040,3shmjyHFfDyARvEOK$1br4,RCC RECTANGULAR COLUMN,RCC COLUMN (230mm x 900mm),Terrace Floor,RCC - M30,Concrete f'c=30 MPa,0.20699999999998867
60101,3shmjyHFfDyARvEOK$1br5,RCC RECTANGULAR COLUMN,RCC COLUMN (230mm x 900mm),Terrace Floor,RCC - M30,Concrete f'c=30 MPa,0.2069999999999887
60162,3shmjyHFfDyARvEOK$1br6,RCC RECTANGULAR COLUMN,RCC COLUMN (230mm x 900mm),Terrace Floor,RCC - M30,Concrete f'c=30 MPa,0.20699999999998858
60223,3shmjyHFfDyARvEOK$1br7,RCC RECTANGULAR COLUMN,RCC COLUMN (230mm x 900mm),Terrace Floor,RCC - M30,Concrete f'c=30 MPa,0.20699999999998858
60284,3shmjyHFfDyARvEOK$1br0,RCC RECTANGULAR COLUMN,RCC COLUMN (230mm x 900mm),Terrace Floor,RCC - M30,Concrete f'c=30 MPa,0.20699999999998892
60345,3shmjyHFfDyARvEOK$1br1,RCC RECTANGULAR COLUMN,RCC COLUMN (230mm x 900mm),Terrace Floor,RCC - M30,Concrete f'c=30 MPa,0.20699999999998892
60406,3shmjyHFfDyARvEOK$1br2,RCC RECTANGULAR COLUMN,RCC COLUMN (230mm x 900mm),Terrace Floor,RCC - M30,Concrete f'c=30 MPa,0.20699999999998858
60467,3shmjyHFfDyARvEOK$1br3,RCC RECTANGULAR COLUMN,RCC COLUMN (230mm x 900mm),Terrace Floor,RCC - M30,Concrete f'c=30 MPa,0.20699999999998858
60528,3shmjyHFfDyARvEOK$1brC,RCC RECTANGULAR COLUMN,RCC COLUMN (230mm x 900mm),Terrace Floor,RCC - M30,Concrete f'c=30 MPa,0.20699999999998892
60589,3shmjyHFfDyARvEOK$1brD,RCC RECTANGULAR COLUMN,RCC COLUMN (230mm x 900mm),Terrace Floor,RCC - M30,Concrete f'c=30 MPa,0.20699999999998858
60650,3shmjyHFfDyARvEOK$1brE,RCC RECTANGULAR COLUMN,RCC COLUMN (230mm x 900mm),Terrace Floor,RCC - M30,Concrete f'c=30 MPa,0.20699999999998858
60711,3shmjyHFfDyARvEOK$1brF,RCC RECTANGULAR COLUMN,RCC COLUMN (230mm x 900mm),Terrace Floor,RCC - M30,Concrete f'c=30 MPa,0.20699999999998892
60772,3shmjyHFfDyARvEOK$1br8,RCC RECTANGULAR COLUMN,RCC COLUMN (230mm x 900mm),Terrace Floor,RCC - M30,Concrete f'c=30 MPa,0.20699999999998858
60833,3shmjyHFfDyARvEOK$1br9,RCC RECTANGULAR COLUMN,RCC COLUMN (230mm x 900mm),Terrace Floor,RCC - M30,Concrete f'c=30 MPa,0.20699999999998858
60894,3shmjyHFfDyARvEOK$1brA,RCC RECTANGULAR COLUMN,RCC COLUMN (230mm x 900mm),Terrace Floor,RCC - M30,Concrete f'c=30 MPa,0.20699999999998892
60955,3shmjyHFfDyARvEOK$1brB,RCC RECTANGULAR COLUMN,RCC COLUMN (230mm x 900mm),Terrace Floor,RCC - M30,Concrete f'c=30 MPa,0.20699999999998892
61016,3shmjyHFfDyARvEOK$1brK,RCC RECTANGULAR COLUMN,RCC COLUMN (230mm x 900mm),Terrace Floor,RCC - M30,Concrete f'c=30 MPa,0.20699999999998858
61077,3shmjyHFfDyARvEOK$1brL,RCC RECTANGULAR COLUMN,RCC COLUMN (230mm x 900mm),Terrace Floor,RCC - M30,Concrete f'c=30 MPa,0.20699999999998858
61138,3shmjyHFfDyARvEOK$1brM,RCC RECTANGULAR COLUMN,RCC COLUMN (230mm x 900mm),Terrace Floor,RCC - M30,Concrete f'c=30 MPa,0.20699999999998892
61199,3shmjyHFfDyARvEOK$1brN,RCC RECTANGULAR COLUMN,RCC COLUMN (230mm x 900mm),Terrace Floor,RCC - M30,Concrete f'c=30 MPa,0.20699999999998858
61260,3shmjyHFfDyARvEOK$1brG,RCC RECTANGULAR COLUMN,RCC COLUMN (230mm x 900mm),Terrace Floor,RCC - M30,Concrete f'c=30 MPa,0.2069999999999882
61321,3shmjyHFfDyARvEOK$1brH,RCC RECTANGULAR COLUMN,RCC COLUMN (230mm x 900mm),Terrace Floor,RCC - M30,Concrete f'c=30 MPa,0.20699999999998805
61382,3shmjyHFfDyARvEOK$1brI,RCC RECTANGULAR COLUMN,RCC COLUMN (230mm x 900mm),Terrace Floor,RCC - M30,Concrete f'c=30 MPa,0.2069999999999884
61443,3shmjyHFfDyARvEOK$1brJ,RCC RECTANGULAR COLUMN,RCC COLUMN (230mm x 900mm),Terrace Floor,RCC - M30,Concrete f'c=30 MPa,0.2069999999999884
61504,3shmjyHFfDyARvEOK$1brS,RCC RECTANGULAR COLUMN,RCC COLUMN (230mm x 900mm),Terrace Floor,RCC - M30,Concrete f'c=30 MPa,0.20699999999998805
61565,3shmjyHFfDyARvEOK$1brT,RCC RECTANGULAR COLUMN,RCC COLUMN (230mm x 900mm),Terrace Floor,RCC - M30,Concrete f'c=30 MPa,0.20699999999998817
61626,3shmjyHFfDyARvEOK$1brU,RCC RECTANGULAR COLUMN,RCC COLUMN (230mm x 900mm),Terrace Floor,RCC - M30,Concrete f'c=30 MPa,0.20699999999998805
61687,3shmjyHFfDyARvEOK$1brV,RCC RECTANGULAR COLUMN,RCC COLUMN (230mm x 900mm),Terrace Floor,RCC - M30,Concrete f'c=30 MPa,0.2069999999999884
61748,3shmjyHFfDyARvEOK$1brO,RCC RECTANGULAR COLUMN,RCC COLUMN (230mm x 900mm),Terrace Floor,RCC - M30,Concrete f'c=30 MPa,0.2069999999999884
61809,3shmjyHFfDyARvEOK$1brP,RCC RECTANGULAR COLUMN,RCC COLUMN (230mm x 900mm),Terrace Floor,RCC - M30,Concrete f'c=30 MPa,0.20699999999998905
61870,3shmjyHFfDyARvEOK$1brQ,RCC RECTANGULAR COLUMN,RCC COLUMN (230mm x 900mm),Terrace Floor,RCC - M30,Concrete f'c=30 MPa,0.20699999999998905
61931,3shmjyHFfDyARvEOK$1brR,RCC RECTANGULAR COLUMN,RCC COLUMN (230mm x 900mm),Terrace Floor,RCC - M30,Concrete f'c=30 MPa,0.20699999999998886
61992,3shmjyHFfDyARvEOK$1bwa,RCC RECTANGULAR COLUMN,RCC COLUMN (230mm x 900mm),Terrace Floor,RCC - M30,Concrete f'c=30 MPa,0.2069999999999891
62053,3shmjyHFfDyARvEOK$1bwb,RCC RECTANGULAR COLUMN,RCC COLUMN (230mm x 900mm),Terrace Floor,RCC - M30,Concrete f'c=30 MPa,0.20699999999998892
62114,3shmjyHFfDyARvEOK$1bwc,RCC RECTANGULAR COLUMN,RCC COLUMN (230mm x 900mm),Terrace Floor,RCC - M30,Concrete f'c=30 MPa,0.20699999999998894
62175,3shmjyHFfDyARvEOK$1bwd,RCC RECTANGULAR COLUMN,RCC COLUMN (230mm x 900mm),Terrace Floor,RCC - M30,Concrete f'c=30 MPa,0.20699999999998894
62236,3shmjyHFfDyARvEOK$1bwW,RCC RECTANGULAR COLUMN,RCC COLUMN (230mm x 900mm),Terrace Floor,RCC - M30,Concrete f'c=30 MPa,0.20699999999998894
62297,3shmjyHFfDyARvEOK$1bwX,RCC RECTANGULAR COLUMN,RCC COLUMN (230mm x 900mm),Terrace Floor,RCC - M30,Concrete f'c=30 MPa,0.20699999999998867
62358,3shmjyHFfDyARvEOK$1bwY,RCC RECTANGULAR COLUMN,RCC COLUMN (230mm x 900mm),Terrace Floor,RCC - M30,Concrete f'c=30 MPa,0.20699999999998908
62419,3shmjyHFfDyARvEOK$1bwZ,RCC RECTANGULAR COLUMN,RCC COLUMN (230mm x 900mm),Terrace Floor,RCC - M30,Concrete f'c=30 MPa,0.20699999999998905
62480,3shmjyHFfDyARvEOK$1bwi,RCC RECTANGULAR COLUMN,RCC COLUMN (230mm x 900mm),Terrace Floor,RCC - M30,Concrete f'c=30 MPa,0.20699999999998872
62541,3shmjyHFfDyARvEOK$1bwj,RCC RECTANGULAR COLUMN,RCC COLUMN (230mm x 900mm),Terrace Floor,RCC - M30,Concrete f'c=30 MPa,0.20699999999998872
62602,3shmjyHFfDyARvEOK$1bwk,RCC RECTANGULAR COLUMN,RCC COLUMN (230mm x 900mm),Terrace Floor,RCC - M30,Concrete f'c=30 MPa,0.2069999999999891
62663,3shmjyHFfDyARvEOK$1bwl,RCC RECTANGULAR COLUMN,RCC COLUMN (230mm x 900mm),Terrace Floor,RCC - M30,Concrete f'c=30 MPa,0.20699999999998892
62724,3shmjyHFfDyARvEOK$1bwe,RCC RECTANGULAR COLUMN,RCC COLUMN (230mm x 900mm),Terrace Floor,RCC - M30,Concrete f'c=30 MPa,0.2069999999999887
62785,3shmjyHFfDyARvEOK$1bwf,RCC RECTANGULAR COLUMN,RCC COLUMN (230mm x 900mm),Terrace Floor,RCC - M30,Concrete f'c=30 MPa,0.20699999999998883
62846,3shmjyHFfDyARvEOK$1bwg,RCC RECTANGULAR COLUMN,RCC COLUMN (230mm x 900mm),Terrace Floor,RCC - M30,Concrete f'c=30 MPa,0.2069999999999881
62907,3shmjyHFfDyARvEOK$1bwh,RCC RECTANGULAR COLUMN,RCC COLUMN (230mm x 900mm),Terrace Floor,RCC - M30,Concrete f'c=30 MPa,0.2069999999999886
62968,3shmjyHFfDyARvEOK$1bwq,RCC RECTANGULAR COLUMN,RCC COLUMN (230mm x 900mm),Terrace Floor,RCC - M30,Concrete f'c=30 MPa,0.20699999999998867
63029,3shmjyHFfDyARvEOK$1bwr,RCC RECTANGULAR COLUMN,RCC COLUMN (230mm x 900mm),Terrace Floor,RCC - M30,Concrete f'c=30 MPa,0.20699999999998894
63090,3shmjyHFfDyARvEOK$1bws,RCC RECTANGULAR COLUMN,RCC COLUMN (230mm x 900mm),Terrace Floor,RCC - M30,Concrete f'c=30 MPa,0.20699999999998894
63151,3shmjyHFfDyARvEOK$1bwt,RCC RECTANGULAR COLUMN,RCC COLUMN (230mm x 900mm),Terrace Floor,RCC - M30,Concrete f'c=30 MPa,0.20699999999998897
63212,3shmjyHFfDyARvEOK$1bwm,RCC RECTANGULAR COLUMN,RCC COLUMN (230mm x 900mm),Terrace Floor,RCC - M30,Concrete f'c=30 MPa,0.2069999999999891
63273,3shmjyHFfDyARvEOK$1bwn,RCC RECTANGULAR COLUMN,RCC COLUMN (230mm x 900mm),Terrace Floor,RCC - M30,Concrete f'c=30 MPa,0.20699999999998892
63334,3shmjyHFfDyARvEOK$1bwo,RCC RECTANGULAR COLUMN,RCC COLUMN (230mm x 900mm),Terrace Floor,RCC - M30,Concrete f'c=30 MPa,0.2069999999999883
63395,3shmjyHFfDyARvEOK$1bwp,RCC RECTANGULAR COLUMN,RCC COLUMN (230mm x 900mm),Terrace Floor,RCC - M30,Concrete f'c=30 MPa,0.2069999999999886
63456,3shmjyHFfDyARvEOK$1bwy,RCC RECTANGULAR COLUMN,RCC COLUMN (230mm x 900mm),Terrace Floor,RCC - M30,Concrete f'c=30 MPa,0.2069999999999886
63517,3shmjyHFfDyARvEOK$1bwz,RCC RECTANGULAR COLUMN,RCC COLUMN (230mm x 900mm),Terrace Floor,RCC - M30,Concrete f'c=30 MPa,0.20699999999998858
63578,3shmjyHFfDyARvEOK$1bw_,RCC RECTANGULAR COLUMN,RCC COLUMN (230mm x 900mm),Terrace Floor,RCC - M30,Concrete f'c=30 MPa,0.20699999999998892
63639,3shmjyHFfDyARvEOK$1bw$,RCC RECTANGULAR COLUMN,RCC COLUMN (230mm x 900mm),Terrace Floor,RCC - M30,Concrete f'c=30 MPa,0.20699999999998892
63700,3shmjyHFfDyARvEOK$1bwu,RCC RECTANGULAR COLUMN,RCC COLUMN (230mm x 900mm),Terrace Floor,RCC - M30,Concrete f'c=30 MPa,0.20699999999998892
63761,3shmjyHFfDyARvEOK$1bwv,RCC RECTANGULAR COLUMN,RCC COLUMN (230mm x 900mm),Terrace Floor,RCC - M30,Concrete f'c=30 MPa,0.20699999999998858
63822,3shmjyHFfDyARvEOK$1bww,RCC RECTANGULAR COLUMN,RCC COLUMN (230mm x 900mm),Terrace Floor,RCC - M30,Concrete f'c=30 MPa,0.20699999999998858
63883,3shmjyHFfDyARvEOK$1bwx,RCC RECTANGULAR COLUMN,RCC COLUMN (230mm x 900mm),Terrace Floor,RCC - M30,Concrete f'c=30 MPa,0.2069999999999887
63944,3shmjyHFfDyARvEOK$1bw4,RCC RECTANGULAR COLUMN,RCC COLUMN (230mm x 900mm),Terrace Floor,RCC - M30,Concrete f'c=30 MPa,0.20699999999998867
64005,3shmjyHFfDyARvEOK$1bw5,RCC RECTANGULAR COLUMN,RCC COLUMN (230mm x 900mm),Terrace Floor,RCC - M30,Concrete f'c=30 MPa,0.20699999999998842
64066,3shmjyHFfDyARvEOK$1bw6,RCC RECTANGULAR COLUMN,RCC COLUMN (230mm x 900mm),Terrace Floor,RCC - M30,Concrete f'c=30 MPa,0.20699999999998778
64127,3shmjyHFfDyARvEOK$1bw7,RCC RECTANGULAR COLUMN,RCC COLUMN (230mm x 900mm),Terrace Floor,RCC - M30,Concrete f'c=30 MPa,0.20699999999998772
64188,3shmjyHFfDyARvEOK$1bw0,RCC RECTANGULAR COLUMN,RCC COLUMN (230mm x 900mm),Terrace Floor,RCC - M30,Concrete f'c=30 MPa,0.20699999999998858
64249,3shmjyHFfDyARvEOK$1bw1,RCC RECTANGULAR COLUMN,RCC COLUMN (230mm x 900mm),Terrace Floor,RCC - M30,Concrete f'c=30 MPa,0.20699999999998858
64310,3shmjyHFfDyARvEOK$1bw2,RCC RECTANGULAR COLUMN,RCC COLUMN (230mm x 900mm),Terrace Floor,RCC - M30,Concrete f'c=30 MPa,0.2069999999999882
64371,3shmjyHFfDyARvEOK$1bw3,RCC RECTANGULAR COLUMN,RCC COLUMN (230mm x 900mm),Terrace Floor,RCC - M30,Concrete f'c=30 MPa,0.20699999999998847
64432,3shmjyHFfDyARvEOK$1bwC,RCC RECTANGULAR COLUMN,RCC COLUMN (230mm x 900mm),Terrace Floor,RCC - M30,Concrete f'c=30 MPa,0.20699999999998853
64493,3shmjyHFfDyARvEOK$1bwD,RCC RECTANGULAR COLUMN,RCC COLUMN (230mm x 900mm),Terrace Floor,RCC - M30,Concrete f'c=30 MPa,0.20699999999998872
64554,3shmjyHFfDyARvEOK$1bwE,RCC RECTANGULAR COLUMN,RCC COLUMN (230mm x 900mm),Terrace Floor,RCC - M30,Concrete f'c=30 MPa,0.2069999999999887
64615,3shmjyHFfDyARvEOK$1bwF,RCC RECTANGULAR COLUMN,RCC COLUMN (230mm x 900mm),Terrace Floor,RCC - M30,Concrete f'c=30 MPa,0.2069999999999887
64676,3shmjyHFfDyARvEOK$1bw8,RCC RECTANGULAR COLUMN,RCC COLUMN (230mm x 900mm),Terrace Floor,RCC - M30,Concrete f'c=30 MPa,0.20699999999998828
64737,3shmjyHFfDyARvEOK$1bw9,RCC RECTANGULAR COLUMN,RCC COLUMN (230mm x 900mm),Terrace Floor,RCC - M30,Concrete f'c=30 MPa,0.2069999999999886
64798,3shmjyHFfDyARvEOK$1bwA,RCC RECTANGULAR COLUMN,RCC COLUMN (230mm x 900mm),Terrace Floor,RCC - M30,Concrete f'c=30 MPa,0.2069999999999886
64859,3shmjyHFfDyARvEOK$1bwB,RCC RECTANGULAR COLUMN,RCC COLUMN (230mm x 900mm),Terrace Floor,RCC - M30,Concrete f'c=30 MPa,0.20699999999998894
64920,3shmjyHFfDyARvEOK$1bwK,RCC RECTANGULAR COLUMN,RCC COLUMN (230mm x 900mm),Terrace Floor,RCC - M30,Concrete f'c=30 MPa,0.20699999999998897
64981,3shmjyHFfDyARvEOK$1bwL,RCC RECTANGULAR COLUMN,RCC COLUMN (230mm x 900mm),Terrace Floor,RCC - M30,Concrete f'c=30 MPa,0.20699999999998914
65042,3shmjyHFfDyARvEOK$1bwM,RCC RECTANGULAR COLUMN,RCC COLUMN (230mm x 900mm),Terrace Floor,RCC - M30,Concrete f'c=30 MPa,0.20699999999998916
65103,3shmjyHFfDyARvEOK$1bwN,RCC RECTANGULAR COLUMN,RCC COLUMN (230mm x 900mm),Terrace Floor,RCC - M30,Concrete f'c=30 MPa,0.20699999999998916
65164,3shmjyHFfDyARvEOK$1bwG,RCC RECTANGULAR COLUMN,RCC COLUMN (230mm x 900mm),Terrace Floor,RCC - M30,Concrete f'c=30 MPa,0.206999999999989
65225,3shmjyHFfDyARvEOK$1bwH,RCC RECTANGULAR COLUMN,RCC COLUMN (230mm x 900mm),Terrace Floor,RCC - M30,Concrete f'c=30 MPa,0.20699999999998783
65286,3shmjyHFfDyARvEOK$1bwI,RCC RECTANGULAR COLUMN,RCC COLUMN (230mm x 900mm),Terrace Floor,RCC - M30,Concrete f'c=30 MPa,0.20699999999998903
65347,3shmjyHFfDyARvEOK$1bwJ,RCC RECTANGULAR COLUMN,RCC COLUMN (230mm x 900mm),Terrace Floor,RCC - M30,Concrete f'c=30 MPa,0.2069999999999891
65408,3shmjyHFfDyARvEOK$1bwS,RCC RECTANGULAR COLUMN,RCC COLUMN (230mm x 900mm),Terrace Floor,RCC - M30,Concrete f'c=30 MPa,0.20699999999998922
65469,3shmjyHFfDyARvEOK$1bwT,RCC RECTANGULAR COLUMN,RCC COLUMN (230mm x 900mm),Terrace Floor,RCC - M30,Concrete f'c=30 MPa,0.20699999999998892
65530,3shmjyHFfDyARvEOK$1bwU,RCC RECTANGULAR COLUMN,RCC COLUMN (230mm x 900mm),Terrace Floor,RCC - M30,Concrete f'c=30 MPa,0.20699999999998878
65591,3shmjyHFfDyARvEOK$1bwV,RCC RECTANGULAR COLUMN,RCC COLUMN (230mm x 900mm),Terrace Floor,RCC - M30,Concrete f'c=30 MPa,0.2069999999999886
65652,3shmjyHFfDyARvEOK$1bwO,RCC RECTANGULAR COLUMN,RCC COLUMN (230mm x 900mm),Terrace Floor,RCC - M30,Concrete f'c=30 MPa,0.2069999999999899
65713,3shmjyHFfDyARvEOK$1bwP,RCC RECTANGULAR COLUMN,RCC COLUMN (230mm x 900mm),Terrace Floor,RCC - M30,Concrete f'c=30 MPa,0.2069999999999899
65774,3shmjyHFfDyARvEOK$1bwQ,RCC RECTANGULAR COLUMN,RCC COLUMN (230mm x 900mm),Terrace Floor,RCC - M30,Concrete f'c=30 MPa,0.20699999999998994
65835,3shmjyHFfDyARvEOK$1bwR,RCC RECTANGULAR COLUMN,RCC COLUMN (230mm x 900mm),Terrace Floor,RCC - M30,Concrete f'c=30 MPa,0.2069999999999899
65896,3shmjyHFfDyARvEOK$1bxa,RCC RECTANGULAR COLUMN,RCC COLUMN (230mm x 900mm),Terrace Floor,RCC - M30,Concrete f'c=30 MPa,0.2069999999999899
65957,3shmjyHFfDyARvEOK$1bxb,RCC RECTANGULAR COLUMN,RCC COLUMN (230mm x 900mm),Terrace Floor,RCC - M30,Concrete f'c=30 MPa,0.20699999999998994
66018,3shmjyHFfDyARvEOK$1bxc,RCC RECTANGULAR COLUMN,RCC COLUMN (230mm x 900mm),Terrace Floor,RCC - M30,Concrete f'c=30 MPa,0.20699999999998986
66079,3shmjyHFfDyARvEOK$1bxd,RCC RECTANGULAR COLUMN,RCC COLUMN (230mm x 900mm),Terrace Floor,RCC - M30,Concrete f'c=30 MPa,0.2069999999999891
66140,3shmjyHFfDyARvEOK$1bxW,RCC RECTANGULAR COLUMN,RCC COLUMN (230mm x 900mm),Terrace Floor,RCC - M30,Concrete f'c=30 MPa,0.20699999999998966
66201,3shmjyHFfDyARvEOK$1bxX,RCC RECTANGULAR COLUMN,RCC COLUMN (230mm x 900mm),Terrace Floor,RCC - M30,Concrete f'c=30 MPa,0.20699999999998966
66262,3shmjyHFfDyARvEOK$1bxY,RCC RECTANGULAR COLUMN,RCC COLUMN (230mm x 900mm),Terrace Floor,RCC - M30,Concrete f'c=30 MPa,0.20699999999998903
66323,3shmjyHFfDyARvEOK$1bxZ,RCC RECTANGULAR COLUMN,RCC COLUMN (230mm x 900mm),Terrace Floor,RCC - M30,Concrete f'c=30 MPa,0.20699999999998903
66384,3shmjyHFfDyARvEOK$1bxi,RCC RECTANGULAR COLUMN,RCC COLUMN (230mm x 900mm),Terrace Floor,RCC - M30,Concrete f'c=30 MPa,0.20699999999998772
66445,3shmjyHFfDyARvEOK$1bxj,RCC RECTANGULAR COLUMN,RCC COLUMN (230mm x 900mm),Terrace Floor,RCC - M30,Concrete f'c=30 MPa,0.20699999999998772
66506,3shmjyHFfDyARvEOK$1bxk,RCC RECTANGULAR COLUMN,RCC COLUMN (230mm x 900mm),Terrace Floor,RCC - M30,Concrete f'c=30 MPa,0.20699999999998836
66567,3shmjyHFfDyARvEOK$1bxl,RCC RECTANGULAR COLUMN,RCC COLUMN (230mm x 900mm),Terrace Floor,RCC - M30,Concrete f'c=30 MPa,0.20699999999998836
66628,3shmjyHFfDyARvEOK$1bxe,RCC RECTANGULAR COLUMN,RCC COLUMN (230mm x 900mm),Terrace Floor,RCC - M30,Concrete f'c=30 MPa,0.20699999999998916
66689,3shmjyHFfDyARvEOK$1bxf,RCC RECTANGULAR COLUMN,RCC COLUMN (230mm x 900mm),Terrace Floor,RCC - M30,Concrete f'c=30 MPa,0.20699999999998983
66750,3shmjyHFfDyARvEOK$1bxg,RCC RECTANGULAR COLUMN,RCC COLUMN (230mm x 900mm),Terrace Floor,RCC - M30,Concrete f'c=30 MPa,0.2069999999999887
66811,3shmjyHFfDyARvEOK$1bxh,RCC RECTANGULAR COLUMN,RCC COLUMN (230mm x 900mm),Terrace Floor,RCC - M30,Concrete f'c=30 MPa,0.20699999999998892
66872,3shmjyHFfDyARvEOK$1bxq,RCC RECTANGULAR COLUMN,RCC COLUMN (230mm x 900mm),Terrace Floor,RCC - M30,Concrete f'c=30 MPa,0.20699999999998892
82454,3D3GaeOoTDaxoPsmDdzWM_,Floor,RCC SLAB 200mm,Ground Floor,RCC - M30,"Concrete Floor, 200mm thick, Interior Function",587.750739999998
82568,3D3GaeOoTDaxoPsmDdzlk3,Floor,RCC SLAB 200mm,First Floor,RCC - M30,"Concrete Floor, 200mm thick, Interior Function",480.3049622222236
83105,3D3GaeOoTDaxoPsmDdzl6K,Floor,RCC SLAB 200mm,Terrace Floor,RCC - M30,"Concrete Floor, 200mm thick, Interior Function",480.3049622222242
83647,3D3GaeOoTDaxoPsmDdzlBq,Floor,RCC SLAB 200mm,Parapet Level,RCC - M30,"Concrete Floor, 200mm thick, Interior Function",3.576039999999527
91042,3daK3azsD2fgx5A$bU$$9x,Floor,RCC SLAB 200mm,Parapet Level,RCC - M30,"Concrete Floor, 200mm thick, Interior Function",3.5760399999995274
